Model,Accuracy,F1-Score,AUC
Logistic Regression,0.8212290502793296,0.7866666666666666,0.8873873873873873
Decision Tree,0.8268156424581006,0.7919463087248322,0.8323037323037323
